title_pattern,Freq
home,5
perceptu,4
net,22
grid,12
delay,11
combin,30
bridg,6
diagnosi,12
ring,7
behavior,17
review,28
biolog,9
dsm,4
distribut,111
evolv,10
team,8
util,6
particl,4
pc,10
heterogen,22
side,4
prefer,4
rate,13
larg,32
templat,4
variabl,7
exampl,7
matric,10
calculu,14
composit,12
databas,111
label,6
hand,6
permut,7
regress,6
channel,16
formal,25
mean,19
spectral,6
valu,12
induct,11
context,12
crossov,4
spread,6
textur,16
formul,5
phase,7
transform,39
extend,28
window,5
orthogon,6
h,4
choic,10
acceler,7
quantum,14
acquisit,4
simpl,21
revis,5
user,32
meet,5
coher,4
abduct,6
differ,21
atm,15
cellular,17
varianc,5
conceptu,13
overview,6
control,92
tree,39
visualis,5
lazi,5
strongli,7
report,13
bid,4
primit,4
conform,4
phylogenet,5
geometr,20
analyt,5
trend,4
audio,6
traffic,16
symmetri,6
cluster,40
count,9
architectur,69
dna,4
interoper,9
enterpris,16
dimens,9
anneal,4
summari,5
satellit,6
region,13
multivari,5
ellipsoid,4
degre,8
interconnect,13
grasp,5
em,4
cipher,5
facilit,5
framework,67
equat,16
impact,7
mine,40
two,16
divers,5
diagnost,4
conjunct,5
correl,13
configur,5
fusion,8
present,8
small,14
interpret,10
compress,33
respect,4
level,18
set,39
percept,9
topolog,16
electron,41
soft,8
human,24
appli,13
long,4
autonom,9
target,6
interact,71
dens,5
expand,5
memori,31
theorem,19
neighborhood,4
end,6
demonstr,4
fault,23
neighbor,6
thread,4
latenc,4
type,26
special,19
tight,4
interpol,8
convers,10
content,15
build,26
protein,16
trace,11
vector,11
refer,10
revers,12
length,8
provid,4
para,4
ration,4
surviv,4
parametr,7
measur,32
trust,4
valid,13
verif,31
abstract,34
singular,5
invari,13
neural,35
intern,12
integr,63
modular,8
addit,5
augment,7
branch,5
solv,18
procedur,10
curv,20
common,9
bioinformat,4
place,4
teach,8
virtuellen,4
cycl,8
czech,4
manag,73
empir,15
algebra,28
likelihood,5
direct,18
mode,7
queri,55
industri,15
cours,5
synthesi,19
random,22
petri,11
sensor,9
creation,7
exact,6
declar,5
open,17
style,5
basi,10
decomposit,14
bit,8
probabl,16
pair,6
modul,9
corba,6
greedi,4
matrix,14
mpi,8
success,5
revisit,5
core,5
remov,4
file,6
uniform,4
topic,4
paper,7
relationship,8
machin,25
artifact,4
seri,7
mixtur,4
train,13
session,20
haptic,4
low,7
observ,5
multicast,15
intrus,4
sampl,14
uml,11
dissemin,4
cut,6
chang,12
critic,6
partial,15
multiag,4
life,10
boundari,11
contain,5
flexibl,23
evolut,20
intellig,42
sensit,7
handwritten,7
"""""",11
unix,5
replic,8
rel,7
cube,4
realli,4
realist,5
avoid,6
next,4
map,29
tile,6
shop,5
via,25
switch,14
translat,13
classroom,4
fulli,7
de,11
n,5
wide,9
circuit,19
markov,8
among,6
calibr,11
collabor,19
hypermedia,9
analyz,13
output,6
brows,8
perform,91
job,9
motion,31
construct,42
lower,5
recogn,7
coverag,5
card,6
use,354
repres,10
achiev,6
supervis,5
discoveri,20
consist,9
web,69
fuzzi,25
real,20
versu,6
correct,9
class,21
techniqu,62
without,18
regist,4
qo,14
triangl,5
implic,9
ratio,4
poster,4
microprocessor,4
determin,10
phone,4
condit,15
list,7
featur,37
filter,18
program,102
prolog,4
materi,5
increment,9
consumpt,4
reconstruct,12
mont,4
archiv,8
polyhedr,6
nois,9
smooth,8
spatial,25
signal,15
exchang,5
foundat,9
water,7
index,27
select,33
step,7
bodi,7
investig,8
node,5
receiv,4
develop,53
polici,10
sens,7
domain,43
gener,117
aid,8
object,93
emul,4
autom,21
evalu,67
smart,10
detect,65
extract,31
spectra,4
attribut,6
servic,47
limit,9
year,4
spars,6
support,66
deploy,12
author,8
player,4
root,4
link,11
statist,32
infer,18
arithmet,10
experi,40
scientif,5
perspect,16
processor,15
server,22
annot,8
maxim,7
hierarchi,14
lexic,4
protect,4
bound,30
boolean,10
graphic,9
mesh,16
approach,116
bayesian,13
intuit,4
schema,9
contour,9
relat,31
arbitrari,5
workstat,5
input,11
plan,31
explor,11
heurist,10
graph,78
path,30
word,10
resolut,8
joint,10
carlo,4
compact,5
histor,4
morpholog,11
registr,9
hybrid,23
modal,5
similar,9
express,23
differenti,14
rank,4
group,28
conflict,5
realiz,6
wireless,20
driven,6
reinforc,12
middlewar,6
attack,4
subset,4
synthet,6
affin,4
placement,5
fluid,4
uniqu,4
argument,6
packag,4
part,11
work,13
mathemat,7
box,4
balanc,11
area,7
environ,84
line,11
letter,5
decis,30
repeat,6
simultan,4
adapt,70
join,11
fragment,4
stabil,6
regular,15
tutor,7
legal,5
track,36
librari,22
string,5
specif,29
devic,6
continu,11
portal,5
irregular,10
sequenc,31
landscap,5
system,372
data,144
roadmap,4
medic,9
hypertext,6
scale,11
multilevel,8
mix,4
past,4
congest,5
queue,13
case,49
panel,13
descriptor,8
groupwar,4
bay,5
alloc,20
multiprocessor,4
page,7
converg,9
gi,5
array,15
tableau,4
research,26
consensu,4
sequenti,8
number,20
profil,4
multidimension,9
hardwar,19
transduc,4
triangular,4
challeng,17
comparison,23
bandwidth,11
rewrit,7
resourc,29
visual,78
deform,4
hypercub,5
scalabl,22
scan,5
color,23
invit,4
beyond,6
record,7
rapid,5
risk,9
navig,18
portabl,4
factori,4
novel,10
state,24
loop,4
format,6
iter,10
dimension,10
instruct,12
safeti,4
uncertainti,6
old,4
period,7
perturb,5
advanc,16
multipl,45
weight,9
organ,17
pars,5
cryptograph,7
action,11
separ,9
cross,4
quantiz,4
accur,6
round,5
organiz,6
role,14
static,13
shape,28
suppli,10
linear,40
combinatori,8
layer,12
neuron,7
intuitionist,5
languag,69
view,16
auction,4
introduct,23
descript,23
media,14
age,8
guid,7
servo,6
complet,15
semant,34
reconfigur,15
fit,9
inspect,6
elementari,6
error,26
chemic,4
wavelet,13
hypergraph,4
genom,7
wdm,4
minimum,13
lattic,6
characterist,8
orient,17
itemset,5
proof,13
frequenc,4
classifi,19
transpar,4
reliabl,11
minim,19
eye,4
homomorph,4
cell,12
synchron,20
reflect,6
sort,5
factor,13
event,15
realiti,8
atom,4
trajectori,8
protocol,43
definit,8
summar,7
fpga,13
law,7
geometri,13
symbol,17
verifi,9
call,8
split,6
capac,8
principl,7
product,25
admiss,9
scene,16
close,6
stream,8
compar,13
element,8
estim,39
hoc,6
coupl,4
reduc,8
extens,20
divis,5
theoret,9
align,8
process,104
requir,29
analysi,152
multimedia,47
constraint,40
manipul,16
document,28
test,60
gradient,6
wrapper,4
agent,67
variat,10
causal,4
associ,17
defeas,4
global,15
cultur,7
inform,104
strategi,24
analog,9
diagram,7
classif,29
task,25
closur,7
influenc,11
base,160
draw,9
deliveri,4
kernel,5
geograph,6
reus,13
effici,95
tabl,7
sar,5
mobil,65
entiti,4
decompos,4
java,37
asymptot,4
guest,10
mainten,7
multimod,7
www,10
point,14
discuss,6
probabilist,21
equal,4
proposit,7
failur,8
satisfi,7
energi,6
new,76
oper,35
simplifi,6
canon,4
autonomi,7
function,65
exploit,6
flow,17
artifici,17
usag,4
relev,8
interfac,34
render,15
vote,4
grammar,9
innov,7
nonlinear,8
warehous,4
increas,4
experiment,19
model,298
network,208
commun,50
intens,5
dynam,92
ontolog,9
compound,4
handl,5
xml,15
access,30
ip,9
assist,7
paramet,11
optim,102
current,5
modifi,6
updat,13
around,4
approxim,49
softwar,90
assign,7
accuraci,4
bu,4
prove,10
decid,4
benchmark,8
complex,60
compil,19
manufactur,14
molecul,5
face,15
benefit,4
statu,5
engin,51
financi,4
robust,25
reduct,25
nest,4
robot,59
coeffici,4
social,8
secur,39
peer,4
issu,43
hierarch,26
pipelin,8
editor,18
planar,13
intension,4
enabl,7
refin,13
contextu,4
vision,14
binari,16
prefetch,8
preserv,6
schedul,40
field,15
negat,4
packet,8
densiti,8
robocup,4
technolog,43
mediat,4
symmetr,5
explicit,5
landmark,7
semistructur,5
import,6
brain,5
workflow,12
adjust,5
note,11
travel,4
cdma,7
parallel,77
rang,12
order,19
sourc,14
captur,4
provis,5
method,90
phylogeni,4
dataset,4
genet,43
best,6
mutat,4
space,40
commerc,17
fast,32
nation,4
reserv,5
identifi,5
workbench,5
applic,134
road,4
custom,9
interest,4
assess,16
evid,4
locat,21
aspect,16
cooper,20
problem,91
pictur,5
transmiss,8
automat,37
first,6
high,23
improv,57
busi,16
colour,5
platform,9
pack,4
hard,4
compon,19
triangul,4
tutori,9
gap,4
span,7
central,5
messag,18
individu,7
search,51
anim,12
execut,13
evolutionari,18
design,124
represent,64
tempor,19
way,4
free,5
futur,14
depend,21
restor,5
univers,16
histori,6
econom,5
cognit,8
normal,8
qualit,4
toward,49
rule,30
partit,21
camera,17
debug,9
ture,4
within,7
gene,14
feder,6
imag,124
mutual,4
altern,9
chines,7
result,28
transit,10
introduc,5
practic,29
game,7
sound,5
scenario,5
chain,14
prune,4
emerg,9
code,42
reusabl,4
time,65
three,12
trade,4
volum,12
knowledg,48
physic,7
rough,4
scienc,10
movement,4
numer,7
educ,12
creat,9
restrict,8
warp,4
analys,5
foreword,4
check,12
concept,14
dialogu,9
stereo,7
infinit,5
k,4
book,9
logic,73
finit,21
solut,22
person,17
distanc,19
frame,7
recurr,6
walk,6
duplic,4
clock,8
public,7
vehicl,6
commerci,5
surfac,33
fair,11
layout,7
molecular,25
prefac,6
polynomi,22
shade,4
comput,152
compos,8
comprehens,6
quantit,4
market,5
match,31
term,8
local,41
negoti,8
recurs,10
tcp,8
ii,7
survey,12
interfer,5
skeleton,4
video,56
determinist,4
prototyp,12
stochast,13
decod,7
connect,23
recognit,56
belief,14
broadcast,9
loss,4
copyright,4
light,6
display,10
world,10
persist,4
maximum,12
move,11
understand,10
multistag,5
school,4
popul,7
metric,16
facial,5
satisfact,8
effect,34
famili,14
implement,54
independ,13
equilibrium,4
programm,6
character,16
watermark,6
pde,4
retriev,50
qualiti,23
polyhedra,5
unsupervis,9
gaussian,7
site,18
paradigm,8
mpeg,5
size,9
automata,16
cach,17
frequent,6
predict,36
implicit,8
scheme,39
unifi,11
telecommun,6
certif,4
speech,16
music,5
collis,4
forward,5
potenti,11
hough,4
student,10
authent,7
migrat,10
power,29
embed,29
editori,17
polygon,11
center,5
key,8
recoveri,9
assumpt,5
client,5
load,14
digit,61
singl,11
speed,12
tune,6
methodolog,20
transact,9
convex,11
activ,36
across,4
shortest,7
edit,7
posit,10
toler,8
asynchron,11
confer,8
concurr,15
interview,5
fire,5
learn,93
reactiv,7
workshop,9
virtual,52
host,4
coordin,19
possibl,4
lock,5
remot,8
precis,5
discov,7
defect,5
idea,4
name,9
find,20
text,18
onlin,12
make,14
deriv,11
humanoid,4
feedback,8
specifi,5
princip,4
theori,39
optic,11
identif,17
transport,7
transfer,6
quantifi,4
infrastructur,15
standard,13
calcul,10
cost,15
nearli,4
ad,9
natur,16
cad,4
collect,18
edg,8
simul,99
dual,5
syntact,7
kinemat,6
clinic,5
taxonomi,5
properti,30
project,30
charact,8
contract,4
segment,40
help,6
encod,6
learner,5
interv,7
cmo,4
invers,9
assembl,4
structur,87
share,22
vlsi,6
prioriti,7
mechan,25
expect,4
competit,10
version,6
gestur,4
algorithm,190
unit,4
enhanc,24
disjunct,7
capabl,5
pattern,34
block,21
initi,6
unif,5
monitor,6
threshold,9
respons,14
internet,53
avail,5
strong,5
tool,55
rout,35
correspond,8
relax,4
head,4
wareh,4
higher,6
constrain,11
form,4
deduct,6
storag,14
attent,8
discret,16
answer,6
router,8
studi,70
progress,4
reason,29
news,10
ground,4
intersect,9
system system,6
system use,12
system model,5
system network,5
system base,11
system analysi,5
system applic,8
system design,9
system approach,4
system distribut,5
system process,5
system simul,6
system object,4
system method,4
system environ,7
system new,4
system manag,5
system studi,7
system languag,4
system support,7
system time,4
system develop,4
system internet,4
system case,5
system case studi,4
system activ,4
router support,4
medic imag,5
parallel system,9
parallel algorithm,10
parallel comput,8
parallel applic,5
parallel program,6
parallel simul,7
parallel implement,5
review system,4
distribut system,34
distribut use,4
distribut network,6
distribut algorithm,6
distribut base,4
distribut data,4
distribut applic,10
distribut databas,5
distribut inform,5
distribut inform system,5
distribut program,4
distribut simul,7
distribut object,6
distribut control,5
distribut environ,11
distribut parallel,4
distribut multimedia,4
distribut resourc,4
random algorithm,5
robot system,6
virtual environ,10
virtual enterpris,7
virtual realiti,6
support system,8
support applic,6
support distribut,4
support process,5
interact system,9
interact use,4
interact model,4
interact applic,5
interact environ,5
detect system,4
detect use,7
detect base,5
detect imag,8
detect video,5
effici system,5
effici use,9
effici network,7
effici algorithm,15
effici base,6
effici data,7
effici approach,5
effici databas,5
effici distribut,5
effici process,6
effici object,4
effici graph,4
effici detect,4
effici queri,4
effici search,4
effici protocol,4
effici genet,4
method network,4
method base,6
method applic,4
method dynam,4
method problem,4
softwar system,7
softwar model,4
softwar base,4
softwar process,5
softwar environ,4
softwar architectur,11
softwar test,5
softwar develop,6
softwar engin,17
softwar project,4
static analysi,4
structur system,5
structur use,5
structur model,4
structur data,5
structur motion,4
petri net,11
web use,4
web base,4
web data,6
web applic,7
web site,9
web page,4
prioriti queue,5
appli system,4
analyz system,4
de de,4
boolean function,4
imag use,20
imag base,5
imag analysi,4
imag process,4
imag retriev,9
imag segment,6
imag sequenc,5
multistag network,4
traffic network,4
probabilist model,4
alloc network,7
admiss control,7
base system,12
base use,4
base model,6
base network,4
base algorithm,6
base analysi,6
base imag,5
base approach,9
base distribut,4
base inform,4
base process,4
base object,4
base video,4
base transform,5
base spatial,4
base cellular,4
base concept,4
bayesian network,6
design system,16
design use,10
design use model,4
design model,8
design network,5
design algorithm,4
design base,4
design gener,4
design distribut,4
design process,5
design control,4
design interact,4
design framework,4
design robot,4
design implement,8
design product,4
person use,4
power estim,4
approxim use,4
approxim algorithm,9
approxim problem,7
approxim graph,4
languag system,4
languag process,4
scalabl system,4
span tree,5
hybrid system,9
document use,4
optic network,4
decod code,4
coordin system,4
identif use,4
function analysi,4
lower bound,4
filter system,4
techniqu network,4
techniqu databas,4
techniqu optim,4
set algorithm,4
issu editor,4
access control,4
atm network,11
minim time,4
infer system,4
time system,4
time use,4
time network,4
time algorithm,4
time seri,6
discoveri databas,4
discoveri rule,4
mobil system,6
mobil network,12
mobil environ,5
mobil manag,4
mobil agent,12
mobil robot,15
camera calibr,5
toward system,7
toward model,4
toward databas,4
toward optim,4
toward studi,5
toward case,4
toward case studi,4
motion control,4
valid model,6
visual system,7
visual use,6
visual model,5
visual data,5
visual inform,5
visual languag,4
visual track,4
visual servo,6
cdma system,4
resourc alloc,5
schedul system,7
extract imag,4
semistructur data,4
featur select,8
speech recognit,4
hardwar applic,4
suppli chain,9
mpi applic,4
commun system,9
commun network,4
file system,4
fault system,5
fault toler,6
fault toler system,4
experiment evalu,4
layer network,4
user data,4
user experi,4
user interfac,6
model system,22
model use,15
model network,8
model base,8
model comput,9
model analysi,8
model data,4
model applic,11
model imag,6
model design,6
model approach,6
model databas,10
model distribut,5
model process,8
model simul,11
model object,6
model control,8
model perform,4
model softwar,5
model environ,5
model manag,4
model interact,5
model studi,4
model web,7
model languag,4
model robot,4
model video,4
model multipl,4
model predict,5
model evolut,6
model check,9
tool system,5
tool analysi,4
tool program,4
tool learn,4
tool studi,4
tool techniqu,4
tool develop,4
reinforc learn,12
compress use,5
compress video,6
oper system,4
databas system,14
databas use,5
databas protein,5
theori practic,5
measur fuzzi,4
program system,4
program use,6
program languag,7
methodolog system,4
cryptograph protocol,5
track use,9
track multipl,4
symbol model,4
match use,5
match imag,5
natur languag,7
surfac imag,4
represent system,6
represent use,4
represent complex,4
represent reason,4
enhanc use,4
mont carlo,4
cellular network,8
book review,4
solv problem,7
mpeg compress,4
object system,12
object use,5
object model,4
object applic,5
object imag,5
object approach,5
object databas,5
object distribut,4
object recognit,12
object orient,6
domain model,4
tight bound,4
intern workshop,5
gene express,4
engin network,4
optim system,5
optim use,6
optim model,5
optim network,9
optim algorithm,7
optim base,4
optim databas,5
optim simul,5
optim problem,8
optim graph,4
optim time,4
optim tree,4
optim path,4
problem network,5
problem graph,4
problem reduct,4
decis system,4
decis support,7
decis support system,4
decis tree,8
decis make,5
path problem,4
path graph,4
architectur system,4
architectur network,4
architectur program,4
gestur recognit,4
video use,11
video applic,4
video segment,4
video sequenc,4
video index,5
segment use,7
segment imag,8
activ system,4
activ model,4
textur imag,4
two convex,4
content use,4
rewrit system,4
workflow system,4
rang imag,4
evolutionari algorithm,8
evolutionari design,4
locat network,5
locat servic,4
color imag,6
color segment,5
local search,4
spatial data,5
storag retriev,4
concurr control,4
charact recognit,4
larg databas,7
open system,4
complex comput,5
complex reason,4
inform system,24
inform use,4
inform visual,5
inform retriev,12
inform retriev system,4
inform technolog,7
retriev system,6
pattern recognit,7
dialogu system,5
task system,4
data system,7
data use,7
data model,7
data base,5
data data,4
data applic,4
data approach,4
data databas,8
data structur,7
data environ,5
data visual,4
data manag,4
data mine,22
data oper,4
data transmiss,4
multipl system,4
multipl use,5
valu decomposit,4
adapt system,8
adapt network,4
adapt environ,4
adapt agent,4
adapt grid,4
adapt hypermedia,4
reconfigur system,5
guest introduct,7
guest editor,8
guest editor introduct,7
embed system,8
evalu system,6
evalu model,4
evalu network,5
evalu perform,4
evalu case,4
intellig system,7
intellig network,4
intellig agent,7
intellig interfac,4
applic model,5
applic network,7
applic process,6
applic problem,4
special issu,12
special issu editor,4
special editor,4
algorithm system,5
algorithm use,4
algorithm network,6
algorithm algorithm,4
algorithm base,9
algorithm comput,8
algorithm applic,7
algorithm imag,4
algorithm gener,4
algorithm approach,4
algorithm databas,4
algorithm problem,13
algorithm graph,5
algorithm schedul,4
algorithm estim,4
algorithm tree,4
algorithm path,4
algorithm finit,4
algorithm find,6
differenti servic,4
knowledg system,9
knowledg base,10
knowledg manag,4
knowledg represent,5
knowledg case,4
knowledg knowledg,4
knowledg discoveri,7
index retriev,4
servic network,7
servic applic,4
artifici intellig,7
dimension reduct,4
electron commerc,14
asynchron system,4
verif use,10
verif model,4
protocol network,4
tutor system,4
improv system,4
improv use,7
improv network,4
improv algorithm,7
improv data,4
improv dynam,4
improv perform,7
improv approxim,5
improv local,4
improv qualiti,7
partit algorithm,4
recognit use,7
recognit human,4
face detect,7
job schedul,4
case system,4
case studi,31
interconnect network,8
java applic,4
java virtual,4
densiti function,5
agent system,5
agent program,4
agent environ,4
agent negoti,4
test system,4
test use,5
test gener,7
test test,5
test case,4
analysi system,9
analysi use,14
analysi model,6
analysi network,7
analysi algorithm,5
analysi data,4
analysi applic,6
analysi simul,4
analysi softwar,4
analysi method,6
analysi parallel,4
analysi servic,4
analysi protocol,6
analysi access,4
process system,4
process use,4
process model,8
process analysi,4
process environ,5
process architectur,4
process descript,4
maximum graph,4
network use,5
network model,6
network network,7
network base,4
network applic,5
network dynam,4
network perform,5
network manag,4
network workstat,4
control system,12
control use,6
control model,5
control network,7
control robot,5
control manipul,4
approach system,7
approach model,5
approach base,4
approach data,5
approach design,5
approach design system,5
approach simul,4
approach softwar,4
approach support,4
approach time,4
theorem prove,8
high data,4
high speed,4
high dimension,4
finit automata,4
ad hoc,6
use system,16
use model,25
use network,11
use algorithm,14
use comput,6
use analysi,9
use data,6
use applic,8
use imag,8
use design,5
use gener,5
use approach,5
use databas,5
use inform,8
use process,4
use program,5
use simul,10
use learn,9
use object,8
use control,8
use dynam,4
use perform,4
use problem,4
use method,6
use graph,4
use visual,7
use logic,4
use adapt,5
use architectur,4
use web,4
use evalu,6
use agent,7
use support,5
use mobil,4
use function,6
use detect,5
use represent,4
use techniqu,7
use test,7
use recognit,4
use develop,4
use internet,4
use search,4
use knowledg,5
use multipl,10
use domain,4
use genet,6
use genet algorithm,5
use intellig,4
use linear,4
use constraint,5
use set,5
use tree,6
use transform,7
use featur,4
use semant,4
use pattern,4
use select,4
use decis,6
use state,4
use color,6
use connect,4
use net,4
use depend,4
use camera,4
use character,4
proposit logic,7
real time,10
linear model,4
linear time,4
rout network,11
rout mobil,4
rout protocol,4
tree algorithm,4
collabor design,4
collabor environ,4
experi use,4
statist imag,4
estim use,4
estim imag,5
feder inform,4
deploy system,4
pc network,6
multimedia system,5
multimedia applic,6
multimedia databas,6
multimedia inform,4
multimedia present,4
editor introduct,8
gener system,7
gener use,7
gener model,11
gener network,6
gener algorithm,6
gener base,5
gener comput,7
gener analysi,4
gener applic,5
gener imag,5
gener gener,5
gener process,4
gener framework,5
gener support,4
gener function,5
gener queri,4
shape use,7
integr system,7
integr use,4
integr model,4
integr algorithm,4
integr simul,4
formal method,6
manag system,14
manag use,4
block network,5
block probabl,4
block probabl network,4
simul system,7
simul use,5
simul model,5
simul network,6
simul analysi,4
simul process,4
simul optim,5
simul simul,4
simul environ,7
simul anneal,4
dynam system,6
dynam use,5
dynam model,7
dynam network,9
dynam algorithm,5
dynam simul,5
dynam time,4
frequent itemset,5
comput system,10
comput use,4
comput model,9
comput network,10
comput applic,4
comput learn,4
comput architectur,5
comput time,4
comput function,5
comput complex,4
comput linear,5
comput transform,4
comput block,4
comput grid,4
human use,4
transit system,4
empir studi,4
neural model,5
neural network,23
automat system,6
automat use,4
automat gener,5
debug program,4
multicast network,4
multicast applic,4
multicast rout,4
fast algorithm,5
fast recognit,4
logic model,6
logic program,13
machin learn,5
error analysi,5
queri system,4
queri use,8
queri data,6
queri databas,10
queri process,5
queri languag,4
genet algorithm,27
genet program,8
develop system,8
develop model,4
develop base,5
build system,6
build use,4
panel session,9
reason use,4
semant system,5
handwritten recognit,4
extend abstract,10
studi system,4
studi use,5
studi algorithm,4
studi support,4
molecular dynam,4
molecular structur,5
probabl network,4
tempor logic,4
move object,4
memori network,5
memori architectur,4
load balanc,5
para de,4
framework system,11
framework model,4
framework distribut,5
framework simul,4
relat databas,6
relat structur,4
perform system,8
perform use,5
perform network,6
perform algorithm,4
perform analysi,12
perform analysi parallel,4
perform applic,6
perform distribut,5
perform program,4
perform parallel,6
perform evalu,5
perform mobil,4
perform java,4
perform server,4
solut problem,4
secur system,4
secur protocol,4
new network,4
new base,6
new comput,5
new data,5
new approach,10
new method,8
new techniqu,4
wireless network,12
shortest path,5
digit use,5
digit imag,4
digit librari,15
belief network,5
belief revis,4
cluster databas,5
associ rule,9
search use,4
search algorithm,5
search engin,4
implement system,4
implement network,5
implement applic,4
mine frequent,4
constraint satisfact,6
toler system,4
revers engin,5
unifi approach,4
compar studi,4
classifi system,4
ip network,6
planar graph,4
learn system,9
learn model,4
learn algorithm,5
learn function,4
bandwidth network,5
